aid,bdate,crestaurant_id,d*,e**,f***
8037,2008-05-20,Y1EmaVEw,12,0,2
14247,2010-11-18,0j3L0L3r,7,1,2
3463,2012-05-18,KAoK96Eg,9,1,0
16850,2007-10-22,1m3MpyEB,1,0,0
19160,2009-01-15,0j3L0L3r,6,0,0
3923,2010-10-07,7RO5edOq,0,0,0
11948,2010-05-06,Pk3wrqEd,3,0,0
10550,2013-05-24,V43016oB,12,1,1
27975,2007-12-18,7RO55dOq,7,3,5
26610,2009-07-08,NbE1AyEJ,21,4,2
105,2012-06-18,N6OkGVOx,7,3,1
6687,2008-05-14,N6OkBmox,2,0,0
40,2007-06-20,V430J2OB,8,2,0
12867,2009-07-27,B1oXBmEV,3,0,0
7566,2011-03-28,6VOpaBEL,9,2,1
15123,2008-07-31,8gOqg532,12,1,7
25396,2014-06-19,1JEbd4oR,11,1,3
11047,2007-08-09,lnORjnON,0,0,0
25036,2012-09-24,6K3lg6Ez,0,0,2
28158,2009-02-27,Y1EmaVEw,4,0,0
18415,2008-05-12,0j3L0L3r,4,0,2
27085,2008-06-03,we39w9Ok,13,1,6
11073,2007-09-26,9JoPAZO8,9,1,4
13372,2012-12-30,xWoYMGoK,0,0,0
25786,2014-01-30,1JEbd4oR,10,0,1
11781,2008-07-28,rNo6xdE6,9,0,0
8438,2008-11-26,B1oXBmEV,1,1,0
6659,2011-10-07,V430yAoB,5,1,0
5900,2013-03-15,JGoNZYoL,4,0,0
20220,2012-01-06,eVOBKkEj,4,0,0
29082,2007-01-16,0ZEDXGED,0,0,0
24782,2012-07-18,V43016oB,6,0,4
540,2013-01-11,1m3MNpoB,0,0,0
18917,2009-08-10,JGoNZYoL,10,2,0
16864,2013-10-21,7RO5A6Oq,1,2,1
6496,2009-08-27,lnORzeON,2,0,0
5099,2014-05-22,Pk3wrqEd,11,1,4
30485,2013-02-27,eVOBpp3j,4,2,1
21858,2014-11-25,N6OkRvox,1,0,1
28740,2011-03-22,9JoP7j38,1,0,1
4743,2009-09-18,6K3lQqoz,5,0,3
29755,2007-06-14,8KoAk4E6,1,0,0
11025,2012-05-30,m0oW23Gj,5,1,0
12966,2010-03-31,we39YZ3k,6,0,5
19297,2007-11-21,8KoAB4O6,5,1,0
15644,2009-07-31,Pk3wQqOd,4,0,1
14257,2009-07-24,N6Ok8QEx,2,0,0
24370,2007-07-16,JGoNZYoL,4,2,0
29776,2014-11-20,we39LrEk,11,1,2
7096,2012-07-20,N6Ok8QEx,1,0,0
1164,2014-09-24,1m3M2koB,12,1,0
23698,2008-07-16,we395l3k,11,1,3
31798,2012-12-30,B1oXBmEV,0,0,0
9594,2011-02-11,lnORzeON,1,0,0
8582,2008-12-18,N6OkGOxz,0,0,0
24061,2009-05-18,Pk3wPxod,10,0,0
28986,2010-12-06,N6OkGVOx,4,0,1
4309,2011-03-25,8KoAk4E6,0,0,0
1941,2011-06-16,N6Ok8QEx,1,0,0
31918,2009-05-21,lnORjnON,12,0,2
24789,2009-04-06,we39WAOk,2,1,0
16778,2011-08-01,xWoYMGoK,1,0,1
31979,2010-05-13,Pk3wrqEd,3,0,0
8455,2008-10-29,8x3zq2Ek,6,0,1
4833,2009-11-27,7RO55dOq,4,0,1
9123,2013-09-04,JGoNZYoL,8,0,2
17270,2011-08-30,N6OkRvox,0,0,1
24950,2013-09-25,Y1Em9REw,0,0,0
12273,2011-06-13,0ZEDKkOD,1,1,0
8937,2013-12-30,6K3lQqoz,6,0,0
21418,2010-06-01,V43016oB,3,0,0
859,2008-07-01,p038gXEm,7,2,2
6762,2008-07-30,9JoPAZO8,5,1,0
27327,2009-10-16,eVOBl63j,3,0,0
19364,2009-01-13,p038gXEm,11,0,3
14345,2012-11-05,m0oW23Gj,7,0,0
2337,2010-05-17,p0381vom,0,0,0
21576,2008-09-02,7RO55dOq,14,2,5
22263,2007-12-18,B1oXBmEV,0,0,1
8467,2009-03-06,we39nrok,2,0,4
15959,2010-08-17,geEVbBEz,5,0,2
10505,2013-12-30,6VOpaBEL,0,0,0
17237,2009-05-19,lnORw6EN,4,0,0
1133,2011-08-23,VpoGM7Er,0,0,1
10531,2015-02-27,8xExYe30,4,0,1
31580,2010-12-06,7RO55dOq,4,1,1
24165,2009-01-07,dj3d8r39,6,0,0
930,2012-12-30,1m3MP6EB,0,0,0
21575,2010-01-05,p0381vom,1,0,0
23735,2009-09-02,6K3lvqOz,2,0,0
24498,2008-10-06,we39nrok,6,1,5
7863,2008-06-03,8x3zWbok,2,1,0
28288,2011-11-29,geEVbBEz,8,2,1
12876,2010-05-18,B1oXAQOV,5,0,0
16513,2009-05-05,ydEjeOW0,15,2,5
4531,2009-07-13,B1oXymOV,3,0,0
8942,2011-03-01,V430yAoB,4,1,0
17506,2011-02-07,njoZbvor,7,0,0
26356,2009-09-08,B1oXAQOV,1,0,1
7450,2011-06-14,N6OkGOxz,3,0,0
25314,2014-09-09,njoZbvor,1,0,1
13476,2013-06-17,Y1EmaVEw,4,1,3
12850,2007-10-16,njoZbvor,4,1,2
16133,2011-12-09,0j3L8Z3r,5,0,3
10536,2012-01-26,JGoNZYoL,2,1,2
7638,2014-06-16,ekE4PNE2,12,1,2
2014,2012-01-19,Pk3wQqOd,2,1,1
24325,2014-06-20,1JEbd4oR,1,1,0
26445,2008-09-25,V43016oB,4,1,0
23364,2011-08-16,1m3MQn3B,3,1,1
19592,2013-08-21,1m3MVYoB,4,2,2
23666,2014-08-13,njoZbvor,5,1,3
12568,2008-03-20,p0381vom,1,0,0
31059,2015-01-06,JGoNZYoL,4,0,2
31157,2013-12-30,6K3lg6Ez,0,0,0
28253,2011-09-22,0j3L0L3r,5,1,0
24850,2013-08-23,6Wo2GbO9,4,2,0
26994,2014-11-04,xWoYMGoK,0,0,0
16585,2012-03-26,V430J2OB,5,0,0
12960,2008-11-06,1m3MpyEB,3,0,0
8008,2014-07-29,m0oW23Gj,9,2,1
21276,2010-12-13,0j3L8Z3r,8,1,1
4918,2013-04-29,we39nrok,0,0,0
16101,2013-02-04,6K3lJKOz,2,0,0
29241,2013-06-21,njoZbvor,9,3,1
7246,2011-10-18,V430e1oB,2,0,2
19569,2012-12-30,N6OkGVOx,0,0,0
18196,2014-10-16,7RO5gn3q,7,0,1
2941,2008-03-07,1m3MpyEB,8,1,1
5912,2010-04-21,0j3L8Z3r,5,1,3
1134,2012-01-17,Pk3wrqEd,4,1,0
1751,2012-05-21,7RO5A6Oq,6,2,0
4492,2013-12-30,8KoAaqo6,0,0,0
22089,2011-05-24,8x3zWbok,0,0,0
17368,2013-05-01,ydEjV9EW,1,0,1
10766,2010-06-15,6K3lvqOz,3,0,0
19651,2012-12-30,JGoNZYoL,0,0,0
5616,2010-10-13,xWoYdG3K,0,0,0
1383,2013-08-07,B1oX16OV,0,0,0
24856,2014-09-05,V430J2OB,6,0,0
11148,2008-04-28,eVOBKkEj,2,0,0
17241,2014-01-13,njoZbvor,6,0,4
31608,2012-12-30,lnORPD3N,0,0,0
24417,2008-05-13,NbE1AyEJ,4,1,0
18164,2011-08-08,V430J2OB,0,0,0
13264,2012-08-23,lnORjnON,0,0,0
8724,2014-05-14,N6OkGVOx,3,0,0
10021,2013-03-29,N6OkRvox,8,0,6
10498,2008-08-08,V430x43B,7,0,4
8232,2008-01-07,we39YZ3k,6,1,1
5261,2011-02-14,we39WAOk,2,0,0
15996,2014-07-22,m0oW23Gj,9,2,1
9656,2012-02-22,0j3L8Z3r,0,0,0
7250,2015-01-16,6K3lvqOz,0,0,0
125,2011-05-24,6Wo2Rbo9,0,0,0
21902,2014-08-25,njoZbvor,5,1,3
25252,2009-11-19,1m3MQn3B,4,0,1
3049,2011-10-28,nkOvpx3B,7,1,1
31103,2008-10-29,N6OkBmox,2,0,1
19505,2010-06-04,8x3zWbok,0,0,0
5721,2012-12-30,1m3ML6EB,0,0,0
22168,2013-07-10,1m3MQn3B,15,0,3
21046,2014-10-07,1m3M2koB,12,1,0
7184,2013-12-04,KAoKyPEg,0,0,0
17432,2008-02-11,8gOqg532,0,0,0
29201,2008-07-31,1m3MVYoB,2,0,0
9727,2011-03-18,dj3d8r39,6,0,1
16737,2009-06-08,N6OkBmox,2,0,0
6743,2012-12-30,Pk3wrqEd,0,0,0
31513,2015-01-14,JGoNZYoL,4,0,2
28908,2009-09-18,njoZbvor,3,1,1
24063,2013-05-02,0j3LgvEr,2,0,0
31886,2007-12-07,rNo64LE6,3,0,2
23377,2008-07-17,6K3lJKOz,1,0,2
8213,2012-12-30,7RO55dOq,0,0,0
340,2009-01-15,dj3d8r39,6,0,0
8140,2010-10-14,Y1EmaVEw,3,1,1
30260,2008-03-11,8gOqg532,12,0,5
26056,2012-02-28,1m3MQn3B,8,0,0
7813,2007-10-11,0ZEDXGED,9,1,0
31278,2008-09-29,dj3d8r39,8,0,1
13243,2008-01-17,0j3L0L3r,9,1,0
5206,2008-08-15,Pk3wQqOd,2,0,1
15117,2012-03-28,N6OkBmox,2,0,1
30613,2007-12-19,1m3MNpoB,7,2,1
15191,2012-12-30,nkOvpx3B,0,0,0
29151,2009-04-16,Pk3wQqOd,2,0,2
29556,2009-06-02,8KoAk4E6,7,1,1
29628,2007-11-02,1m3MVYoB,8,0,3
11190,2010-08-13,rNo64LE6,0,0,0
31881,2012-04-05,6K3lQqoz,0,0,0
17569,2013-01-24,njoZbvor,18,1,10
3672,2011-03-16,V430yAoB,4,1,0
18642,2007-01-22,1m3MVYoB,0,0,0
3245,2012-06-07,N6Ok8QEx,2,0,1
27950,2013-09-12,JGoNZYoL,10,0,2
5980,2012-06-15,we39LrEk,7,3,5
15187,2014-08-04,rNo64LE6,2,0,0
27711,2009-03-10,1m3M2koB,7,1,2
26599,2015-02-03,7RO5edOq,0,0,0
25875,2013-02-04,Pk3wrqEd,6,1,0
22328,2011-09-01,geEVbBEz,8,1,3
23898,2011-04-12,6VOpaBEL,9,2,1
25415,2008-10-29,1m3ML6EB,31,3,7
6254,2009-10-05,eVOBl63j,8,1,2
7854,2009-07-29,rNo6xdE6,0,0,0
15957,2010-02-10,JGoNZYoL,2,0,0
17283,2007-05-22,1m3MVYoB,0,0,0
7953,2010-04-05,we39YZ3k,4,0,4
28229,2013-02-07,6Wo2GbO9,2,0,1
1391,2013-12-30,7RO5edOq,0,0,0
20389,2011-10-26,ydEjeOW0,6,0,0
18501,2013-03-22,N6OkRvox,8,0,6
14879,2014-09-19,7RO5edOq,1,0,0
31597,2009-11-25,N6OkRvox,2,2,0
24040,2014-04-17,8x3zWbok,1,0,0
15633,2014-06-27,geEVbBEz,6,1,0
16375,2008-11-12,B1oXymOV,6,1,0
28815,2009-02-13,8x3zWbok,2,0,0
10242,2012-12-06,lnORPD3N,0,0,0
6367,2007-05-16,7RO55dOq,18,2,2
31524,2007-10-12,njoZaA3r,7,0,0
4992,2013-12-30,ydEjeOW0,0,0,0
27191,2013-12-06,7RO5gn3q,7,0,1
7771,2013-09-11,we39w9Ok,0,0,0
13141,2012-12-30,8x3zq2Ek,0,0,0
6526,2009-10-23,Y1EmbA3w,6,0,0
13596,2009-11-12,8x3zq2Ek,4,0,1
18015,2013-06-03,NbE1AyEJ,5,0,0
6522,2013-12-30,N6OkGVOx,0,0,0
14854,2012-01-13,8x3zWbok,2,0,0
8189,2011-03-02,Pk3wQqOd,4,0,1
4670,2011-11-10,1m3M2koB,13,1,2
2884,2009-11-06,V43016oB,5,0,0
29162,2012-12-30,8KoAaqo6,0,0,0
19430,2012-12-30,VpoGM7Er,0,0,0
12036,2011-02-16,6Wo2Rbo9,0,0,0
13204,2011-10-13,we39LrEk,2,1,4
21421,2013-04-26,we39nrok,1,0,1
3516,2014-05-28,N6OkGVOx,0,0,0
654,2011-10-04,V430e1oB,2,0,2
609,2011-11-21,we39YZ3k,3,1,4
18318,2009-10-26,1m3M2koB,3,0,1
22237,2011-09-07,we39nrok,4,2,1
17653,2008-07-29,we395l3k,5,0,1
1817,2007-10-24,V43016oB,4,0,3
5576,2009-08-10,N6Ok8QEx,2,0,0
26137,2009-06-08,lnORjnON,7,0,1
9655,2009-02-03,nkOvpx3B,4,0,0
6544,2013-08-19,m0oW23Gj,8,1,0
21029,2008-09-26,V430J2OB,3,0,0
7213,2008-06-02,lnORzeON,3,0,0
22121,2012-10-02,eVOBpp3j,7,0,0
10003,2009-05-21,ekE4PNE2,6,0,1
10245,2010-06-02,N6OkBmox,5,0,1
25232,2014-01-16,1m3MpyEB,0,0,0
10838,2011-08-30,1m3MQn3B,3,1,1
31733,2012-06-27,1m3MNpoB,5,1,0
3656,2014-01-16,N6Ok8QEx,5,0,0
4501,2009-06-22,we39w9Ok,4,0,0
31727,2012-12-30,V430BAOB,0,0,0
23080,2009-03-23,njoZbvor,5,1,3
3751,2011-03-18,7RO55dOq,2,0,2
12447,2014-05-13,8x3zZz3k,3,0,0
740,2011-11-02,1m3MNpoB,4,1,3
8258,2011-01-13,njoZbvor,13,1,1
10472,2012-10-25,1m3M2koB,3,0,0
26053,2009-11-06,Pk3wPxod,10,2,0
3941,2014-04-14,NbE1AyEJ,3,0,0
29507,2010-01-27,ydEjeOW0,2,0,0
23224,2010-08-11,we39WAOk,3,0,0
19378,2014-02-07,Y1EmaVEw,4,1,1
6269,2009-06-18,p038gXEm,8,1,3
4480,2011-10-18,6K3lvqOz,1,0,0
21471,2012-01-10,njoZbvor,4,0,0
7000,2011-06-10,xWoYdG3K,11,0,3
5823,2010-07-08,N6OkBmox,0,0,0
6534,2009-10-13,1m3ML6EB,3,0,0
24836,2007-11-02,6K3lg6Ez,2,0,0
14415,2011-07-18,we39WAOk,3,0,0
29088,2015-03-09,njoZbvor,4,0,0
6039,2012-08-09,6K3lJKOz,3,1,0
23975,2010-09-03,dj3d8r39,3,0,1
2374,2013-07-29,B1oXymOV,5,1,0
13828,2011-03-08,Pk3wQqOd,4,0,1
19503,2014-12-04,V430J2OB,1,0,2
4264,2011-12-20,8gOqg532,2,0,2
871,2008-04-30,we39YZ3k,0,0,2
593,2009-12-10,0j3L8Z3r,7,1,2
663,2011-10-04,6VOpaBEL,0,0,0
19738,2007-06-12,1m3ML6EB,0,0,0
9751,2008-03-28,B1oXAQOV,3,0,2
31880,2015-01-20,1m3MQn3B,3,1,3
14138,2009-06-15,p038gXEm,8,1,3
8610,2008-05-27,Y1EmaVEw,12,0,2
14640,2014-01-17,we39PREk,7,1,2
27651,2014-12-17,njoZbvor,6,1,2
19859,2011-03-04,Pk3wrqEd,2,1,0
31494,2010-03-10,lnORjnON,6,0,0
9895,2010-02-25,0j3L0L3r,9,1,3
31337,2010-01-15,xWoYdG3K,9,1,2
7293,2008-04-07,V430x43B,0,0,0
25043,2014-01-13,0ZEDKkOD,7,0,1
13458,2008-05-19,NbE1AyEJ,4,1,0
30423,2009-07-09,B1oX16OV,2,1,0
7037,2008-10-30,1m3MQn3B,6,0,0
11755,2013-08-29,1m3M2koB,7,2,1
15546,2013-11-21,7RO5gn3q,7,0,1
26167,2007-01-23,0ZEDXGED,0,0,0
10083,2014-04-08,eVOBKkEj,1,0,0
31624,2008-12-04,we39YZ3k,4,1,3
313,2010-10-25,Y1EmaVEw,3,1,1
23682,2013-06-28,0j3L0L3r,5,0,3
11247,2011-10-28,lnORw6EN,4,0,0
12017,2012-08-16,V43016oB,1,0,2
10622,2011-04-28,1m3ML6EB,4,1,1
8587,2013-07-25,1m3M2koB,7,2,1
6654,2012-12-30,rNo64LE6,0,0,0
29347,2014-01-24,V43016oB,3,1,0
7119,2009-01-09,8gOqg532,2,0,0
24673,2009-08-27,V430J2OB,3,0,0
5288,2013-06-19,ekE4PNE2,0,0,0
25196,2011-10-06,lnORPD3N,3,0,0
14791,2014-01-14,we39nrok,10,1,2
13725,2012-12-30,1m3MpyEB,0,0,0
11078,2008-02-28,dj3d8r39,6,1,1
11379,2008-05-08,JGoNZYoL,14,0,4
7727,2007-06-19,V430J2OB,6,2,6
6192,2010-11-16,1m3MQn3B,6,0,1
3556,2012-08-21,8x3zWbok,0,0,0
30842,2013-12-30,8x3zZz3k,0,0,0
23809,2014-09-29,V430J2OB,0,0,0
2955,2008-12-17,0ZEDXGED,7,0,0
13168,2007-12-21,Pk3wPxod,8,1,0
27335,2013-04-09,V430J2OB,0,0,0
11257,2009-12-02,9JoP7j38,9,1,1
25146,2010-11-05,we39LrEk,7,1,2
12757,2011-03-25,dj3d8r39,6,0,1
31439,2012-01-10,Pk3wrqEd,4,1,0
29249,2013-10-01,Pk3wPxod,0,0,2
372,2008-06-27,Pk3wPxod,4,0,1
14092,2014-07-25,8gOqg532,2,0,0
12313,2009-05-01,Y1Em9REw,3,1,0
25013,2009-08-03,JGoNZYoL,10,2,0
13549,2012-02-24,0j3LgvEr,1,0,0
10742,2009-06-03,we39w9Ok,4,0,0
232,2011-09-09,Pk3wrqEd,2,1,0
18307,2008-09-19,eVOBpp3j,10,0,3
6451,2015-02-26,Pk3wQqOd,4,1,1
6376,2012-03-13,6VOpaBEL,3,1,1
27114,2010-01-04,we39WAOk,6,0,0
25205,2009-09-10,nkOvpx3B,4,0,0
21667,2014-12-10,we39WAOk,6,0,0
30650,2012-02-29,we39PREk,5,1,2
178,2012-12-30,KAoKGRog,0,0,0
26803,2011-11-07,7RO5A6Oq,2,1,6
12679,2008-08-18,9JoPAZO8,5,1,0
3199,2011-02-11,V430J2OB,0,0,1
13446,2013-01-10,eVOBKkEj,7,0,0
27510,2008-02-13,V430J2OB,5,0,2
12576,2013-02-13,N6OkBmox,2,0,0
19933,2012-07-02,V430yAoB,0,0,0
26276,2010-09-09,8gOqg532,1,0,3
16327,2012-06-21,6Wo2GbO9,1,1,0
28573,2012-10-22,we39nrok,4,2,0
10255,2011-08-26,7RO55dOq,3,0,0
13692,2011-01-18,V43016oB,4,0,0
11989,2010-10-07,V430e1oB,14,1,3
2717,2009-02-24,B1oX16OV,2,0,1
30526,2010-01-22,B1oXAQOV,8,0,0
18090,2015-02-25,geEVbBEz,8,1,0
11260,2013-03-22,7RO5edOq,1,0,0
15384,2013-08-14,1m3MVYoB,4,2,2
5615,2012-02-01,1m3MpyEB,1,0,0
10486,2012-05-15,NbE1AyEJ,7,1,4
8869,2013-01-04,9JoP7j38,5,0,1
16027,2008-04-16,xWoYMGoK,2,0,0
30500,2012-07-25,9JoP7j38,1,0,2
13322,2010-05-07,VpoGM7Er,2,1,1
23127,2012-10-12,0j3LgvEr,0,0,0
14374,2015-02-05,1JEbd4oR,12,1,0
9588,2013-02-15,we39PREk,6,0,1
10008,2009-12-03,1m3MVYoB,5,1,0
7696,2008-05-22,6K3lg6Ez,3,0,0
358,2007-07-30,lnORjnON,5,0,1
7077,2011-03-11,7RO55dOq,2,0,2
29482,2013-01-18,1m3MVYoB,1,1,1
9421,2010-01-11,7RO5A6Oq,3,0,2
22687,2014-01-04,6K3lvqOz,3,1,1
14349,2013-12-30,xWoYdG3K,0,0,0
24607,2011-10-06,VpoGM7Er,0,0,1
6552,2011-02-03,Pk3wPxod,3,0,0
25637,2009-08-05,8gOqg532,6,0,1
16957,2013-10-04,6K3lvqOz,2,0,2
22157,2013-07-10,8x3znL3k,4,1,0
20437,2014-05-08,8x3zx2Ok,0,0,0
5830,2009-05-15,7RO5A6Oq,3,0,2
3856,2007-12-28,8x3zq2Ek,4,1,1
1866,2008-12-05,we39LrEk,0,0,0
15369,2007-11-06,V430J2OB,6,1,0
8996,2010-10-05,1m3MpyEB,0,0,0
14024,2012-07-27,eVOBKkEj,3,0,0
21438,2010-06-09,7RO5edOq,3,0,0
18279,2008-01-22,we39YZ3k,6,1,1
13376,2012-12-30,eVOBKkEj,0,0,0
8797,2009-03-18,we39nrok,1,0,3
28294,2012-05-23,1m3MVYoB,6,0,2
4174,2013-02-06,we39w9Ok,0,0,0
14189,2013-10-18,we39LrEk,12,1,1
30762,2014-03-04,N6OkRvox,3,0,0
13211,2010-07-09,nkOvpx3B,2,0,1
4462,2008-03-25,KAoKyPEg,8,0,0
1355,2014-01-09,we39PREk,7,1,2
22662,2012-01-11,9JoP7j38,5,0,1
24241,2007-12-11,7RO55dOq,7,3,5
21853,2011-04-20,1m3MQn3B,3,1,1
30611,2008-11-12,1m3ML6EB,22,2,3
31854,2012-12-30,njoZZ1or,0,0,0
2465,2011-07-06,6Wo2GbO9,2,0,0
31184,2010-07-08,N6OkGOxz,0,0,0
3277,2007-11-30,8KoAB4O6,5,1,0
22010,2007-12-04,0j3L8Z3r,7,0,1
25613,2009-05-06,Y1EmbA3w,6,1,0
7676,2009-12-10,B1oX16OV,2,0,0
28184,2011-05-18,lnORjnON,6,0,0
1118,2011-07-13,8x3zq2Ek,1,1,0
6459,2010-05-13,we39nrok,3,1,0
29457,2013-11-19,ydEjeOW0,1,0,0
10806,2014-10-14,8KoAk4E6,0,0,0
24224,2014-01-09,V43016oB,3,1,0
10123,2012-12-30,7RO5edOq,0,0,0
28205,2008-01-03,0j3L0L3r,9,1,0
19886,2012-06-07,N6OkGVOx,7,3,1
1063,2014-07-10,1m3MQn3B,6,1,4
21632,2014-01-13,Pk3wPxod,3,1,2
29109,2009-01-16,we395l3k,2,1,2
28607,2013-02-25,B1oXymOV,0,0,0
1995,2015-02-19,1m3M2koB,3,0,0
29821,2011-08-01,we39PREk,5,1,4
22779,2012-12-30,we395l3k,0,0,0
20899,2010-11-12,8x3zWbok,0,0,0
10476,2008-12-02,6K3lQqoz,8,0,1
3726,2012-11-13,xWoYMGoK,0,0,0
7495,2014-12-23,6Wo2GbO9,6,0,0
21951,2011-05-09,7RO5A6Oq,1,0,0
28603,2009-03-10,8x3znL3k,4,1,0
27442,2009-04-09,9JoP7j38,6,2,0
283,2012-03-22,we39nrok,4,0,4
14441,2014-09-30,6VOpaBEL,3,0,0
15108,2007-02-07,we39LrEk,0,0,0
12526,2009-06-23,N6OkGOxz,2,0,0
6117,2009-05-28,we39PREk,6,0,0
1715,2014-01-07,we39nrok,10,1,2
29153,2013-06-17,xWoYMGoK,0,0,0
18725,2009-06-30,dj3d8r39,6,1,0
29545,2010-04-06,1m3MVYoB,4,0,2
22101,2013-08-12,V430J2OB,3,0,0
15162,2011-02-07,6Wo2GbO9,2,0,1
28902,2012-03-02,6Wo2GbO9,1,0,0
6505,2008-03-05,7RO55dOq,11,1,3
11087,2014-08-06,V430J2OB,0,0,1
13984,2012-12-06,7RO55dOq,1,0,0
24773,2011-08-30,6K3lvqOz,5,0,0
26830,2011-06-17,xWoYdG3K,4,0,1
9575,2012-09-19,N6OkRvox,7,1,3
8263,2012-12-30,V43016oB,0,0,0
23704,2012-12-06,N6OkGVOx,5,3,0
26204,2015-01-12,1m3MQn3B,3,1,2
9453,2014-04-23,ydEjV9EW,6,0,2
9591,2012-10-09,8x3zWbok,0,0,0
25497,2012-12-30,1m3MQn3B,0,0,0
9441,2008-04-03,Y1Em9REw,4,0,0
19572,2014-06-23,nkOvpx3B,4,0,1
25754,2009-06-19,NbE1AyEJ,23,3,8
30186,2009-09-09,6K3lJKOz,1,1,0
8016,2013-05-20,lnORw6EN,9,0,1
7688,2009-07-27,0j3L0L3r,5,0,0
8544,2008-04-30,N6OkBmox,2,0,0
21379,2011-03-16,6K3lQqoz,4,0,1
6855,2010-05-14,KAoKlKOg,0,0,0
15739,2008-07-03,p0381vom,3,0,0
31149,2009-08-21,7RO55dOq,11,0,1
6430,2014-06-27,7RO55dOq,9,2,8
14839,2012-02-08,we39WAOk,1,0,0
6759,2008-02-06,V430J2OB,5,0,2
22982,2009-10-08,1JEbd4oR,1,0,0
27296,2010-03-02,1m3ML6EB,2,0,0
8054,2013-02-01,njoZbvor,8,0,1
21334,2012-10-22,V430e1oB,8,0,2
26329,2008-05-22,Pk3wQqOd,3,0,2
14852,2013-11-08,7RO55dOq,1,0,0
7500,2009-09-17,nkOvpx3B,4,0,0
31721,2014-03-19,N6OkRvox,4,0,0
3434,2013-11-01,nkOvpx3B,4,0,1
9793,2011-03-24,lnORw6EN,1,0,0
28133,2011-05-03,0j3L0L3r,6,0,0
21894,2014-03-11,6K3lJKOz,1,0,0
7445,2013-06-13,njoZbvor,9,3,1
30641,2008-12-17,1m3MVYoB,7,2,2
17073,2008-04-16,8x3zZz3k,2,0,0
22039,2010-04-30,we39PREk,3,0,1
24857,2013-12-30,7RO55dOq,0,0,0
8152,2012-04-20,8x3zWbok,1,0,0
27989,2013-01-28,6K3lJKOz,2,0,0
27792,2012-02-27,Y1EmaVEw,7,2,1
7175,2013-03-11,xWoYdG3K,8,0,2
24583,2012-09-25,eVOBpp3j,7,0,0
21908,2012-12-30,V430x43B,0,0,0
24960,2011-02-11,we39nrok,0,0,0
22955,2010-06-29,nkOvpx3B,4,0,1
28928,2008-06-12,Y1EmbA3w,6,1,1
15567,2014-01-21,Pk3wPxod,3,1,2
17473,2008-12-08,we395l3k,4,1,0
18938,2013-07-30,1m3MpyEB,3,0,1
19770,2007-06-07,njoZbvor,5,1,1
21020,2012-03-19,6Wo2GbO9,1,0,0
13997,2014-09-15,lnORjnON,20,0,5
29597,2010-11-10,lnORjnON,6,0,0
14278,2008-08-13,N6OkGVOx,3,0,0
13923,2012-03-09,6Wo2GbO9,1,0,0
10882,2008-11-13,7RO55dOq,5,0,1
20738,2010-05-10,8x3znL3k,4,0,0
23351,2008-11-05,JGoNZYoL,2,0,0
25839,2013-10-10,N6OkBmox,2,0,0
24020,2011-12-07,V43016oB,3,0,0
24230,2013-01-11,9JoP7j38,5,0,1
19587,2008-10-02,V43016oB,4,1,0
6501,2011-02-03,V430J2OB,0,0,1
1845,2010-02-22,njoZbvor,6,0,0
29022,2008-01-04,7RO5edOq,0,0,0
23970,2013-12-30,1m3MQn3B,0,0,0
27040,2013-03-01,Y1Em9REw,1,1,0
31805,2013-12-30,V430x43B,0,0,0
24343,2013-02-22,JGoNZYoL,15,2,3
5055,2013-05-17,V43016oB,12,1,1
5083,2009-02-17,B1oX16OV,2,0,1
24962,2008-08-22,Pk3wQqOd,2,0,1
23214,2008-06-23,p038gXEm,7,2,2
12385,2009-05-19,V430yAoB,0,0,0
10537,2009-11-30,1m3MQn3B,4,0,1
6161,2014-02-28,1JEbd4oR,2,0,1
21037,2009-04-23,KAoKyPEg,5,0,2
31222,2011-10-19,eVOBKkEj,0,0,0
14967,2013-06-04,rNo64LE6,3,0,0
26505,2009-02-24,1m3M2koB,7,1,2
24179,2008-06-04,Y1EmbA3w,6,1,1
31772,2012-06-15,B1oXymOV,0,0,0
15477,2010-02-05,lnORzeON,4,0,1
26034,2014-04-09,ydEjV9EW,1,0,1
3847,2013-01-24,rNo64LE6,4,0,3
15758,2014-12-02,eVOBKkEj,0,0,0
21587,2011-11-29,lnORzeON,0,0,0
29217,2012-01-17,N6OkRvox,6,1,5
9000,2012-03-22,6K3lJKOz,2,0,1
8227,2014-02-04,xWoYdG3K,6,0,1
13048,2012-12-30,8x3znL3k,0,0,0
8063,2010-11-01,we39YZ3k,2,0,1
9549,2007-07-06,Y1EmbA3w,15,2,7
14466,2013-12-30,lnORw6EN,0,0,0
31972,2013-05-21,lnORw6EN,10,1,0
6160,2012-06-14,N6Ok8QEx,2,0,1
1759,2014-06-02,lnORw6EN,3,0,0
14544,2010-01-20,7RO5A6Oq,3,0,2
28389,2007-10-18,xWoYMGoK,2,0,0
3679,2013-06-03,we39nrok,1,1,2
15080,2008-04-23,V430e1oB,5,2,3
29539,2011-12-14,B1oXAQOV,2,1,0
316,2008-10-08,8KoAB4O6,2,0,0
17418,2015-03-05,1m3MVYoB,4,1,1
5084,2010-01-04,6K3lvqOz,5,0,0
3985,2009-09-11,6K3lQqoz,5,0,3
4617,2013-06-04,9JoP7j38,6,0,0
6240,2011-02-04,B1oXAQOV,5,0,0
27980,2014-06-11,we39nrok,8,2,1
22880,2010-05-05,Pk3wPxod,11,0,1
19791,2009-02-27,6K3lvqOz,2,0,0
9735,2010-01-07,m0oW23Gj,5,0,0
4858,2012-08-03,Pk3wrqEd,8,2,1
8786,2009-10-22,6VOpaBEL,4,2,0
12843,2008-06-03,N6Ok8QEx,5,1,1
14295,2012-01-04,geEVbBEz,7,0,5
25573,2012-02-10,V430x43B,1,0,0
4860,2014-04-29,1m3MVYoB,5,3,3
15508,2012-01-06,8x3zWbok,2,0,0
11307,2009-02-03,N6OkBmox,2,0,0
20826,2011-11-22,V43016oB,3,0,0
25692,2010-05-05,V430yAoB,6,1,1
21614,2010-02-08,dj3d8r39,1,0,0
23035,2012-05-07,7RO5A6Oq,6,2,0
10759,2008-12-09,N6Ok8QEx,4,0,0
1935,2010-01-21,ekE4PNE2,2,0,1
2047,2013-09-27,8KoAk4E6,0,0,0
23613,2007-12-03,Pk3wrqEd,3,0,0
28904,2008-11-13,B1oXBmEV,1,1,0
27088,2008-10-23,ydEjV9EW,5,0,0
11424,2012-12-30,6K3lvqOz,0,0,0
1112,2012-11-13,m0oW23Gj,7,0,0
14357,2009-04-21,eVOBpp3j,11,1,7
17251,2014-10-31,V430x43B,5,1,2
29071,2008-09-09,eVOBKkEj,0,0,0
17479,2012-09-26,N6OkBmox,2,0,0
202,2008-04-05,rNo6xdE6,6,0,0
31112,2009-03-11,7RO55dOq,8,1,6
31273,2015-02-06,8gOqg532,5,0,0
23458,2010-10-19,6K3lJKOz,4,1,0
27538,2011-07-05,Y1Em9REw,1,0,1
12213,2013-10-29,8x3zZz3k,1,0,0
7043,2011-10-31,N6OkGOxz,1,0,0
1293,2014-02-25,geEVbBEz,5,0,0
17298,2014-08-18,m0oW23Gj,0,0,0
26234,2012-07-23,8x3zq2Ek,16,1,8
26908,2012-12-30,we39w9Ok,0,0,0
16385,2014-11-14,Pk3wrqEd,8,1,1
4110,2008-08-20,lnORPD3N,6,0,0
30951,2009-09-14,N6OkBmox,2,0,0
24810,2010-10-29,1m3MQn3B,6,0,1
3582,2010-09-20,6Wo2GbO9,3,0,0
20040,2013-05-13,lnORPD3N,2,1,1
18792,2010-04-27,we39LrEk,12,2,4
20982,2007-07-16,xWoYMGoK,0,1,3
4776,2009-05-26,V43016oB,6,0,1
4343,2009-01-28,lnORzeON,3,1,1
15125,2010-03-03,eVOBKkEj,3,0,0
16949,2012-07-03,Y1Em9REw,3,1,1
15351,2008-09-08,lnORPD3N,6,0,0
9869,2007-01-29,1m3MVYoB,0,0,0
25569,2009-09-30,JGoNZYoL,3,0,0
22246,2008-10-23,6K3lvqOz,2,0,0
13615,2013-12-30,8x3znL3k,0,0,0
4429,2013-10-17,lnORPD3N,2,0,0
30472,2009-01-07,V430x43B,1,0,0
4901,2012-08-29,V430J2OB,5,0,0
254,2008-03-24,7RO5A6Oq,9,2,2
7817,2009-03-13,1m3MQn3B,5,0,1
22939,2012-12-30,8x3zZz3k,0,0,0
9077,2008-03-13,we39LrEk,6,1,1
15791,2010-01-21,V43016oB,4,0,0
15583,2012-02-13,ekE4PNE2,1,0,3
4900,2011-11-07,1m3MVYoB,2,0,0
27587,2008-06-10,we39w9Ok,13,1,6
490,2014-07-10,Pk3wPxod,0,0,0
26193,2007-07-30,1m3M2koB,7,0,0
13971,2009-04-24,6K3lQqoz,11,0,4
1446,2014-03-03,KAoKyPEg,0,0,0
23191,2011-06-28,N6OkGOxz,3,0,0
26184,2013-09-18,JGoNZYoL,2,0,0
24702,2012-03-06,Y1EmaVEw,7,2,1
8490,2011-02-14,6Wo2GbO9,2,0,1
18873,2012-08-10,6K3lg6Ez,3,0,3
31815,2007-02-26,8x3zq2Ek,0,0,0
6701,2008-05-02,lnORjnON,2,0,0
22426,2008-08-04,0j3L8Z3r,2,0,0
23495,2014-07-21,6K3lvqOz,2,0,2
31653,2009-08-03,0j3L0L3r,5,0,0
17789,2012-12-30,V430J2OB,0,0,0
25978,2012-06-18,B1oXBmEV,1,0,0
16931,2012-04-24,1m3M2koB,4,0,0
3004,2009-10-01,6VOpaBEL,5,2,0
18768,2011-03-02,lnORPD3N,0,0,0
5061,2014-03-10,6K3lQqoz,13,1,7
30845,2010-10-28,B1oXymOV,4,1,1
25960,2014-10-16,we39w9Ok,10,0,0
16234,2008-10-24,NbE1AyEJ,3,1,1
12058,2015-03-05,Pk3wQqOd,4,1,1
8685,2014-02-07,1JEbd4oR,10,0,1
9936,2012-10-25,6K3lQqoz,11,1,2
18484,2007-10-23,lnORzeON,2,0,0
27853,2013-05-22,N6Ok8QEx,0,0,0
29392,2009-04-15,8x3zZz3k,1,1,0
2815,2010-08-12,1m3ML6EB,3,0,0
3931,2008-01-11,1m3MQn3B,4,0,3
470,2011-03-23,JGoNZYoL,2,0,0
30259,2008-03-20,1JEbl1oR,2,0,0
22495,2010-04-16,Pk3wQqOd,3,0,0
3624,2014-10-07,6VOpaBEL,3,0,0
4786,2014-01-24,6K3lvqOz,3,1,1
19790,2009-06-08,N6OkRvox,2,0,0
21398,2010-02-10,nkOvpx3B,3,0,3
17672,2008-03-24,we39WAOk,13,2,4
13991,2007-12-31,8x3zq2Ek,3,0,0
28411,2011-08-09,Pk3wPxod,8,0,0
11990,2013-02-14,B1oX16OV,0,0,0
28741,2010-11-10,m0oW23Gj,1,0,0
9284,2009-09-21,6K3lJKOz,1,1,0
15283,2012-04-26,lnORjnON,0,0,0
16213,2014-10-31,Y1EmaVEw,1,0,0
24331,2010-11-03,0j3L0L3r,7,1,2
19275,2011-04-28,0j3L8Z3r,9,1,1
5931,2011-03-25,8x3znL3k,2,1,0
22175,2009-09-11,rNo6xdE6,2,0,1
19335,2009-10-27,NbE1AyEJ,0,0,0
2119,2012-01-04,9JoP7j38,5,0,1
19789,2013-08-16,6K3lJKOz,6,1,1
613,2010-10-25,eVOBpp3j,0,0,0
22496,2009-02-09,lnORzeON,3,1,1
29065,2013-02-28,N6OkGVOx,8,1,0
19337,2008-02-26,p0381vom,6,0,1
7033,2012-12-30,lnORjnON,0,0,0
31689,2013-12-30,Pk3wQqOd,0,0,0
28132,2013-02-05,N6OkBmox,2,0,0
25037,2010-06-14,9JoP7j38,3,0,0
9819,2009-08-28,we39WAOk,0,0,0
28308,2008-12-15,1JEbd4oR,3,0,3
17573,2012-06-18,we39LrEk,8,3,5
26225,2010-09-02,NbE1AyEJ,2,0,0
23575,2014-12-16,V430J2OB,1,0,2
12454,2014-03-28,NbE1AyEJ,3,0,1
9099,2009-07-17,m0oW23Gj,1,0,0
22975,2009-07-22,9JoPAZO8,6,2,0
30720,2012-08-17,V430J2OB,5,0,0
5014,2007-07-09,Y1EmbA3w,19,2,7
28167,2013-12-23,1m3MVYoB,9,0,0
19819,2008-02-06,N6OkRvox,5,0,1
15063,2008-09-25,V430yAoB,0,1,3
21123,2012-04-11,0j3L0L3r,7,0,2
23980,2009-08-03,we39nrok,6,1,6
3842,2009-11-17,1m3MNpoB,2,1,0
30633,2009-08-24,1m3MQn3B,1,0,0
20442,2013-11-06,NbE1AyEJ,4,0,1
6461,2010-02-24,eVOBKkEj,3,0,0
20473,2012-03-21,N6OkBmox,2,0,1
12533,2012-11-29,6K3lQqoz,2,0,0
1604,2012-08-24,6K3lg6Ez,3,0,3
14175,2008-05-05,0j3L0L3r,4,0,2
3606,2011-12-06,N6OkBmox,1,0,0
24333,2009-02-20,Y1EmaVEw,4,0,0
2460,2012-02-09,7RO55dOq,2,0,0
27862,2007-10-31,V43016oB,4,0,3
3972,2013-12-30,N6Ok8QEx,0,0,0
1823,2012-05-02,geEVbBEz,7,0,4
4760,2013-12-20,1m3M2koB,5,1,3
1822,2009-09-15,B1oXAQOV,1,0,1
29914,2012-07-20,N6OkBmox,2,0,0
31540,2009-05-08,7RO5A6Oq,3,0,2
13650,2010-05-14,VpoGM7Er,2,1,1
4570,2015-02-06,m0oW2d3G,1,0,0
4642,2014-02-18,8x3znL3k,4,0,0
17309,2011-11-30,B1oXAQOV,2,1,0
16734,2011-11-03,ydEjeOW0,6,0,0
24519,2007-10-25,1m3MVYoB,8,0,3
11762,2011-10-27,6K3lJKOz,2,1,0
2990,2011-04-22,N6OkGVOx,1,0,1
30202,2012-01-10,N6OkRvox,6,1,5
1635,2015-02-20,8xExYe30,4,0,1
9732,2013-07-23,1m3MpyEB,3,0,1
16,2010-06-07,6K3lvqOz,3,0,0
20291,2012-04-05,Y1EmaVEw,2,1,0
5940,2008-06-18,p0381vom,3,0,0
25626,2013-06-28,Y1EmaVEw,4,1,3
26648,2014-12-10,8xExYe30,0,0,0
22657,2009-10-29,8x3zq2Ek,4,0,1
22435,2010-03-01,N6OkBmox,2,0,0
15832,2011-11-03,rNo64LE6,2,0,0
5081,2012-06-04,nkOvpx3B,4,1,3
24046,2010-12-17,6K3lg6Ez,1,0,0
5026,2013-05-22,Pk3wQqOd,5,0,0
20016,2011-07-21,Y1EmaVEw,2,0,1
18076,2012-07-24,8gOqg532,2,0,2
11898,2014-09-04,lnORjnON,20,0,7
10817,2012-10-10,V430e1oB,7,0,2
31102,2014-01-27,0ZEDKkOD,7,0,1
1162,2007-01-08,xWoYjgOK,0,0,0
8118,2011-09-08,V430x43B,0,0,0
4516,2010-05-11,we39LrEk,4,0,0
246,2009-08-05,lnORPD3N,2,0,0
9726,2007-06-06,0j3L8Z3r,6,0,1
30398,2010-01-20,1m3M2koB,2,0,0
23765,2010-09-09,9JoPAZO8,5,1,0
9026,2012-06-08,m0oW23Gj,5,1,0
24808,2012-04-02,1m3M2koB,4,0,0
23385,2008-12-22,N6Ok8QEx,4,0,0
31126,2013-01-07,8x3zWbok,0,0,0
18418,2008-05-02,we39PREk,3,1,0
23858,2011-06-27,B1oXymOV,2,1,1
10902,2011-09-23,0j3L8Z3r,6,1,1
4195,2013-08-13,6Wo2GbO9,4,2,0
20935,2013-12-30,V43016oB,0,0,0
3953,2011-07-26,xWoYMGoK,1,0,1
3621,2013-01-31,6Wo2GbO9,2,0,1
1927,2014-05-08,Pk3wrqEd,11,0,3
31269,2014-04-24,7RO5A6Oq,5,0,1
25633,2013-04-01,6K3lg6Ez,12,0,3
30494,2013-06-11,9JoP7j38,6,0,0
7103,2013-06-18,geEVbBEz,11,0,5
16674,2010-02-24,V430J2OB,5,0,5
14083,2010-02-24,Y1EmaVEw,4,0,3
2751,2013-09-26,JGoNZYoL,1,0,0
248,2013-12-30,ekE4PNE2,0,0,0
6688,2007-02-22,rNo64LE6,0,0,0
2025,2008-06-05,1m3ML6EB,0,0,0
23849,2012-12-30,0j3L0L3r,0,0,0
1508,2010-05-17,8x3znL3k,4,0,0
18876,2015-01-30,1m3MQn3B,1,0,3
2601,2010-02-11,N6OkRvox,4,0,0
2051,2014-04-28,B1oX16OV,0,0,0
14320,2015-01-14,we39PREk,4,1,5
16035,2009-04-24,6K3lJKOz,3,0,1
3783,2011-05-05,0j3L8Z3r,9,1,1
7715,2009-11-18,9JoP7j38,9,1,1
9814,2009-03-12,eVOBKkEj,0,0,0
6286,2009-07-16,B1oX16OV,2,1,0
15881,2010-12-30,ekE4PNE2,0,0,0
19751,2011-05-17,0j3L0L3r,6,0,0
5588,2010-12-15,7RO55dOq,4,1,1
26015,2011-05-20,0j3L8Z3r,3,0,1
262,2009-06-29,B1oXymOV,3,0,0
7440,2013-04-22,m0oW23Gj,7,0,0
4799,2011-06-09,V43016oB,2,0,1
15532,2011-06-24,N6Ok8QEx,1,0,0
22379,2015-01-12,N6Ok8QEx,4,0,0
12448,2009-09-03,0j3L8Z3r,8,0,4
11901,2010-02-03,1m3MQn3B,8,1,1
17289,2009-02-13,N6OkRvox,3,1,0
18909,2009-03-26,9JoP7j38,6,2,0
1923,2014-10-23,lnORPD3N,0,0,0
10887,2010-07-23,N6Ok8QEx,2,0,0
2142,2008-07-29,6K3lQqoz,6,1,1
7472,2011-01-06,njoZbvor,14,1,4
29900,2010-04-09,KAoKyPEg,4,0,0
11016,2012-12-30,dj3dzXO9,0,0,0
13278,2013-09-26,6K3lQqoz,8,1,0
13063,2009-11-19,8x3zq2Ek,2,0,1
22941,2008-02-20,N6OkRvox,5,0,1
1425,2012-05-08,1JEbd4oR,4,1,1
4751,2012-07-05,1m3MNpoB,5,1,0
14266,2007-11-19,Pk3wrqEd,3,0,0
16038,2014-03-28,1m3M2koB,13,1,1
12103,2010-11-03,m0oW23Gj,3,0,0
4024,2009-12-17,1m3MVYoB,5,1,0
22078,2010-04-27,6K3lQqoz,6,1,1
16521,2010-04-05,1m3MpyEB,1,0,2
31290,2012-01-31,N6OkRvox,2,0,1
14537,2012-04-02,we39nrok,2,0,0
3807,2008-11-12,8x3zq2Ek,6,0,0
15185,2011-06-24,N6OkBmox,0,0,0
14461,2014-08-05,V43016oB,3,0,1
11225,2007-04-25,1m3MNpoB,0,0,0
27025,2014-10-07,Y1Em9REw,1,0,0
25078,2012-01-05,Pk3wQqOd,2,1,1
11604,2012-12-18,NbE1AyEJ,6,0,0
4971,2012-05-07,geEVbBEz,7,0,4
31393,2010-04-29,0j3L8Z3r,5,1,3
9398,2012-10-30,N6OkGOxz,1,0,1
27294,2009-10-01,1JEbd4oR,1,0,1
8193,2012-07-18,9JoP7j38,1,0,2
30084,2010-04-22,V430yAoB,6,1,1
10127,2012-04-12,8gOqg532,5,1,3
31613,2013-08-16,eVOBpp3j,0,0,0
14497,2013-09-18,rNo64LE6,2,1,1
8073,2010-07-06,N6OkRvox,3,0,0
29045,2009-07-22,8gOqg532,6,0,1
9434,2009-09-08,ekE4PNE2,1,0,1
20840,2012-12-30,ydEjeOW0,0,0,0
12864,2014-07-21,V43016oB,3,0,1
7820,2010-01-12,V43016oB,4,0,0
20602,2008-04-10,V430e1oB,5,2,3
24603,2007-05-09,1m3MNpoB,0,0,0
19703,2014-10-15,lnORjnON,8,0,1
8,2009-04-17,6K3lQqoz,11,0,4
12025,2012-12-30,lnORw6EN,0,0,0
4053,2011-04-14,ydEjeOW0,5,0,1
17327,2007-05-24,8KoAk4E6,6,0,0
11867,2010-04-06,N6OkRvox,2,0,0
14277,2012-12-30,B1oXymOV,0,0,0
30425,2009-12-01,6VOpaBEL,2,0,1
4572,2008-07-30,8gOqg532,12,1,7
9406,2012-10-03,7RO5edOq,3,0,0
11588,2013-10-02,6K3lQqoz,8,1,0
13493,2014-10-20,Y1EmaVEw,7,0,1
2157,2012-12-30,9JoPAZO8,0,0,0
17024,2012-01-05,JGoNZYoL,12,1,6
30674,2012-02-10,8x3znL3k,7,1,1
484,2008-10-20,we39nrok,6,1,5
24863,2014-07-08,geEVbBEz,6,1,0
9140,2011-07-13,7RO5edOq,0,0,0
5448,2014-10-29,8x3zx2Ok,2,0,0
21077,2011-11-15,NbE1AyEJ,0,0,0
4449,2012-12-30,m0oW23Gj,0,0,0
16694,2008-09-18,7RO55dOq,6,1,1
22997,2010-08-31,0j3L8Z3r,4,2,1
15970,2009-05-20,8KoAk4E6,7,1,1
9426,2015-02-11,geEVbBEz,8,1,0
26877,2010-06-02,7RO5edOq,3,0,0
7231,2011-08-17,Pk3wPxod,8,0,0
21251,2010-06-09,lnORPD3N,2,0,0
24758,2011-06-15,eVOBKkEj,0,0,0
3383,2008-12-12,we39YZ3k,4,1,1
10960,2012-06-07,rNo64LE6,2,0,0
1869,2010-01-20,8x3zq2Ek,11,1,4
4755,2011-12-01,0j3L8Z3r,5,0,3
21714,2011-02-15,we39YZ3k,0,1,0
12937,2008-12-23,1JEbd4oR,3,0,3
27229,2012-01-18,geEVbBEz,7,0,5
5798,2010-04-30,rNo6xdE6,2,0,0
23801,2007-08-09,Y1EmbA3w,4,0,0
7639,2009-09-08,njoZbvor,3,1,1
27943,2008-10-23,1m3MQn3B,6,0,0
6643,2012-12-30,we39nrok,0,0,0
14406,2008-06-05,6K3lg6Ez,3,0,0
16113,2007-10-05,9JoPAZO8,9,1,4
186,2010-08-27,1m3MNpoB,4,0,0
21260,2011-11-30,lnORjnON,5,0,0
8717,2015-01-29,1m3M2koB,8,2,1
7144,2014-06-19,we39nrok,4,2,0
8831,2010-07-26,V430J2OB,0,0,0
30671,2010-08-24,0j3L8Z3r,4,2,1
20969,2008-01-16,ydEjeOW0,6,0,1
25365,2014-04-11,NbE1AyEJ,3,0,1
26912,2011-09-08,geEVbBEz,8,1,3
18322,2010-10-21,we39LrEk,7,1,2
17145,2007-08-06,9JoP7j38,3,0,0
19343,2014-04-25,JGoNZYoL,3,0,1
1590,2014-01-21,njoZbvor,6,0,4
25791,2009-12-04,7RO55dOq,4,0,1
27664,2012-12-30,6Wo2Zyo9,0,0,0
17248,2007-11-16,8x3zq2Ek,15,2,5
15142,2011-02-25,dj3d8r39,6,0,1
18828,2009-04-17,6K3lg6Ez,0,0,0
19943,2013-04-24,6K3lQqoz,7,0,2
27763,2013-06-13,8gOqg532,4,0,0
19472,2009-05-22,lnORw6EN,4,0,0
19999,2014-10-09,we39w9Ok,10,0,0
19141,2010-02-11,0j3L0L3r,9,1,3
26381,2013-01-03,eVOBKkEj,7,0,0
3437,2010-10-26,8x3znL3k,3,0,0
28091,2009-10-30,V43016oB,5,0,0
21192,2010-09-16,N6OkRvox,4,1,0
28183,2013-04-16,nkOvpx3B,1,0,2
24912,2008-10-20,rNo64LE6,5,0,5
23536,2014-11-13,7RO5A6Oq,1,0,0
1827,2010-02-17,V430J2OB,5,0,5
1086,2012-05-15,7RO5edOq,6,0,0
13949,2014-12-08,6Wo2GbO9,6,0,0
4508,2010-06-29,JGoNZYoL,4,0,0
20208,2009-12-14,we39w9Ok,0,0,0
26780,2010-10-04,6K3lQqoz,4,1,0
15621,2010-09-16,6Wo2GbO9,3,0,0
26760,2013-09-27,eVOBKkEj,2,0,0
2098,2013-06-07,Pk3wQqOd,5,0,0
7082,2007-12-14,B1oXBmEV,4,1,3
27978,2011-11-29,we39YZ3k,3,1,4
30591,2013-12-30,0ZEDKkOD,0,0,0
25416,2014-09-03,lnORjnON,20,0,7
16533,2012-04-05,V430J2OB,5,0,0
26520,2007-03-02,rNo64LE6,0,0,0
980,2009-10-23,ydEjeOW0,0,0,0
28334,2013-03-28,7RO5A6Oq,5,2,2
22879,2013-06-05,we39nrok,1,1,3
370,2009-11-10,1m3MpyEB,1,0,0
25326,2010-05-04,B1oXAQOV,5,0,0
13631,2007-08-06,1JEbl1oR,4,0,2
12187,2008-04-18,we39PREk,3,1,0
30612,2014-06-30,nkOvpx3B,4,0,1
14545,2011-12-27,8gOqg532,2,0,2
15757,2013-12-30,8KoAk4E6,0,0,0
15690,2013-09-04,m0oW23Gj,8,1,0
2871,2007-01-17,xWoYjgOK,0,0,0
10157,2012-05-15,1JEbd4oR,4,1,1
23686,2010-02-12,Y1EmaVEw,4,0,2
27234,2014-08-26,1m3MVYoB,3,0,2
31293,2013-08-16,N6OkRvox,3,1,0
20424,2010-02-03,1m3M2koB,2,0,0
18335,2014-07-24,1m3MQn3B,6,1,4
31151,2008-06-20,Pk3wPxod,4,0,1
3276,2013-09-20,m0oW23Gj,1,0,0
2107,2007-11-28,Y1EmaVEw,6,0,0
20905,2011-06-16,1m3M2koB,7,0,0
16703,2011-10-24,6K3lg6Ez,2,0,0
29465,2009-09-17,we39YZ3k,4,0,2
13709,2009-01-12,p0381vom,0,0,0
14057,2007-11-14,xWoYjgOK,8,0,4
14274,2012-01-13,eVOBKkEj,4,0,0
10226,2009-12-17,0j3L8Z3r,7,1,2
31475,2014-01-22,8x3zq2Ek,8,2,1
22152,2009-06-23,dj3d8r39,6,1,0
28067,2008-12-12,1m3ML6EB,11,0,1
14378,2009-05-04,6K3lJKOz,3,0,1
4246,2007-10-24,V430J2OB,6,1,0
25458,2014-12-04,6K3lg6Ez,0,0,0
3880,2013-05-02,lnORPD3N,2,1,1
4302,2008-03-27,we39LrEk,6,1,1
1917,2014-12-19,we39WAOk,6,0,0
22541,2011-07-28,Y1EmaVEw,2,0,1
18626,2008-06-04,njoZaA3r,6,0,1
2110,2008-02-28,6K3lvqOz,5,0,0
5226,2009-10-06,eVOBpp3j,0,0,0
6985,2010-09-27,6K3lQqoz,4,1,0
18400,2013-09-10,rNo64LE6,2,1,1
19115,2011-01-18,Pk3wPxod,11,0,0
30165,2007-06-27,KAoKyPEg,0,0,0
385,2012-10-22,ydEjeOW0,2,0,0
22013,2011-01-07,NbE1AyEJ,0,0,0
18063,2010-09-21,9JoPAZO8,5,1,0
20661,2011-10-19,1JEbd4oR,8,0,0
4466,2007-07-03,8x3zWbok,2,0,1
30281,2007-12-03,we39PREk,7,1,0
21080,2008-04-03,Pk3wQqOd,4,0,1
26098,2012-05-22,7RO5edOq,6,0,0
3906,2011-01-04,Pk3wPxod,11,0,0
24618,2009-04-17,Y1Em9REw,3,1,0
763,2013-02-07,we39PREk,6,0,1
11648,2007-12-07,B1oXBmEV,4,1,3
6294,2013-12-19,lnORjnON,0,0,0
118,2013-12-16,1m3MVYoB,9,0,0
6516,2014-09-11,8x3zq2Ek,10,3,1
3488,2008-10-16,V430BAOB,2,0,0
18094,2012-12-30,V430e1oB,0,0,0
137,2011-08-02,we39YZ3k,2,0,3
3715,2007-11-30,rNo64LE6,3,0,2
13888,2011-12-20,B1oX16OV,12,1,4
3959,2014-12-10,ydEjeOW0,7,0,1
12772,2011-10-19,ekE4PNE2,0,0,0
24081,2009-11-03,0ZEDKkOD,0,0,0
25456,2009-08-26,0j3L8Z3r,8,0,4
1574,2014-06-12,1JEbd4oR,11,1,3
10886,2008-02-05,0j3L8Z3r,3,0,1
7311,2010-02-25,lnORw6EN,3,0,0
5480,2009-05-22,ekE4PNE2,6,0,1
8500,2013-12-30,8x3zq2Ek,0,0,0
11485,2013-07-16,0j3L0L3r,1,0,0
22011,2013-01-17,0ZEDKkOD,1,0,1
15910,2011-06-15,ydEjV9EW,2,0,0
26501,2011-10-20,we39LrEk,2,1,4
15824,2014-02-04,Y1EmaVEw,12,2,3
20705,2008-05-15,1m3M2koB,3,0,2
8615,2007-11-28,8x3zq2Ek,9,1,1
6379,2011-11-10,1m3MNpoB,4,1,3
9270,2013-01-28,Pk3wrqEd,6,1,0
18965,2009-05-14,we39PREk,6,0,0
7630,2012-12-30,8gOqg532,0,0,0
26285,2009-02-06,B1oXAQOV,4,0,0
24545,2013-12-30,B1oXBmEV,0,0,0
16425,2008-07-22,we395l3k,11,1,2
19491,2007-06-21,8x3zWbok,2,0,1
7158,2010-05-19,Y1Em9REw,5,0,0
15687,2010-02-17,nkOvpx3B,3,0,3
23889,2007-04-19,eVOBKkEj,8,0,0
26106,2014-02-03,8x3znL3k,4,0,0
11512,2012-12-30,ZBEnQaOY,0,0,0
10573,2014-09-04,8x3zq2Ek,10,3,1
26822,2011-11-10,lnORw6EN,4,0,0
30138,2012-04-03,8gOqg532,5,1,3
2993,2007-12-07,8KoAB4O6,0,1,0
16575,2013-12-30,V430e1oB,0,0,0
10926,2009-01-05,Pk3wPxod,8,1,0
10341,2013-04-05,we39nrok,1,0,2
3850,2012-05-09,0ZEDKkOD,4,0,3
31408,2008-11-07,7RO5gn3q,0,0,0
2504,2013-10-30,7RO5A6Oq,1,2,1
20923,2012-12-30,1JEbd4oR,0,0,0
17843,2012-04-18,N6OkBmox,1,0,1
20976,2009-04-30,KAoKyPEg,5,0,2
27169,2008-01-02,1m3MQn3B,4,0,3
22473,2012-12-30,xWoYdG3K,0,0,0
788,2014-06-11,B1oXymOV,4,0,0
25797,2012-12-30,we39PREk,0,0,0
4483,2010-03-31,xWoYMGoK,0,0,1
9176,2007-11-21,6K3lg6Ez,3,0,0
12848,2014-07-29,Y1Em9REw,3,1,1
17275,2008-03-14,B1oXAQOV,3,0,2
31416,2011-10-17,we39w9Ok,4,1,0
12263,2011-01-07,8x3zZz3k,0,0,0
5258,2011-05-19,ydEjeOW0,2,0,0
30010,2010-02-10,njoZbvor,6,0,0
25587,2010-05-25,NbE1AyEJ,0,0,0
5340,2009-04-06,njoZbvor,5,1,3
13415,2012-12-30,Y1Em9REw,0,0,0
16604,2014-10-21,Y1Em9REw,2,0,0
9906,2008-04-07,we39nrok,0,0,1
27426,2009-08-11,B1oXBmEV,3,0,0
29050,2011-06-16,V43016oB,2,0,1
21111,2008-03-13,Pk3wrqEd,2,0,0
1136,2013-04-17,6K3lQqoz,7,0,2
15339,2014-05-06,1m3MVYoB,5,3,3
7124,2015-02-25,njoZbvor,10,0,2
21752,2008-11-20,1m3MpyEB,1,0,0
27203,2010-11-30,VpoGM7Er,0,0,0
10690,2010-09-20,B1oXAQOV,5,1,1
24644,2014-07-03,B1oXymOV,4,0,0
21461,2014-08-13,V430J2OB,0,0,1
11699,2008-03-07,dj3d8r39,6,1,1
1043,2010-04-28,we39nrok,3,1,0
26403,2013-12-30,KAoK96Eg,0,0,0
22465,2007-08-20,we39w9Ok,1,0,1
6727,2007-12-10,1m3MNpoB,7,2,1
16317,2011-03-03,6K3lvqOz,5,0,1
29381,2008-05-20,N6OkGOxz,3,1,0
26318,2013-12-30,we39WAOk,0,0,0
20883,2007-12-17,we39PREk,7,1,0
8338,2013-12-30,1m3MpyEB,0,0,0
6090,2008-09-10,7RO55dOq,14,2,5
14743,2012-12-30,geEVbBEz,0,0,0
29656,2012-07-18,6K3lJKOz,1,0,0
8080,2008-08-01,V430x43B,7,0,4
29815,2011-03-16,6K3lvqOz,5,0,1
16663,2009-06-19,1m3M2koB,4,0,0
23961,2009-04-02,we39WAOk,2,1,0
30943,2013-04-04,lnORjnON,0,0,0
4012,2009-04-28,eVOBpp3j,11,1,5
2668,2013-06-11,geEVbBEz,11,0,5
31579,2010-01-20,6K3lvqOz,5,0,0
811,2007-11-06,xWoYjgOK,8,0,4
28672,2009-04-15,xWoYMGoK,1,0,0
26277,2008-01-09,ydEjeOW0,6,0,1
2745,2008-05-06,nkOvpx3B,8,0,2
28915,2009-09-01,ekE4PNE2,1,0,1
17588,2008-03-21,1m3MpyEB,8,1,1
5975,2011-09-06,VpoGM7Er,0,0,1
794,2015-01-22,1m3M2koB,8,2,1
1668,2012-12-30,6Wo2Rbo9,0,0,0
30469,2010-10-05,xWoYdG3K,7,1,2
1578,2010-02-05,dj3d8r39,1,0,0
6242,2008-04-28,we39YZ3k,0,0,4
22050,2014-10-30,B1oX16OV,3,1,0
7317,2012-09-05,1m3MVYoB,7,0,0
3314,2008-04-03,we39WAOk,13,2,4
3329,2010-01-29,xWoYdG3K,2,0,1
18495,2010-02-04,N6OkRvox,4,0,0
20169,2007-09-14,njoZaA3r,7,0,0
29996,2012-12-30,Pk3wQqOd,0,0,0
16824,2013-07-01,8x3znL3k,4,1,0
23790,2008-03-19,we39nrok,7,0,4
22587,2009-03-04,0j3L8Z3r,4,1,3
21340,2010-10-22,eVOBKkEj,2,0,0
29512,2011-06-07,njoZbvor,5,0,0
6843,2010-07-16,V430yAoB,2,1,0
18764,2010-01-15,6K3lJKOz,5,1,2
14307,2011-03-11,Pk3wrqEd,2,1,0
20725,2009-06-26,V430e1oB,6,1,3
1022,2012-06-04,6K3lvqOz,5,0,1
28439,2012-03-07,we39PREk,5,1,2
23514,2010-03-04,Y1EmaVEw,0,0,2
21989,2010-06-21,9JoP7j38,3,0,0
7693,2013-06-10,NbE1AyEJ,5,0,0
3081,2008-09-12,B1oXAQOV,4,0,0
3095,2008-06-05,N6OkGOxz,3,1,0
9865,2012-12-30,ydEjV9EW,0,0,0
22846,2009-01-30,B1oXAQOV,4,0,0
10588,2012-07-11,njoZbvor,2,0,0
14237,2009-05-28,0ZEDKkOD,2,0,0
30781,2008-02-25,6K3lJKOz,2,0,2
16347,2008-08-19,we39nrok,4,1,5
21861,2010-04-20,we39LrEk,12,2,4
24683,2010-05-13,6K3lg6Ez,3,0,0
18831,2012-12-30,v5oJR8oB,0,0,0
16715,2013-09-09,Pk3wPxod,8,0,1
13050,2009-05-26,0ZEDKkOD,2,0,0
15293,2010-10-26,6K3lJKOz,4,1,0
26223,2013-12-11,V430J2OB,0,0,0
26644,2008-12-23,1m3MVYoB,7,2,2
6590,2012-12-30,B1oX16OV,0,0,0
18837,2008-09-23,1m3M2koB,6,0,0
11974,2012-08-16,6K3lJKOz,3,1,0
8591,2007-09-20,N6OkGVOx,10,0,2
5459,2011-09-06,8x3znL3k,0,0,0
11054,2012-03-19,xWoYdG3K,11,2,3
13101,2007-04-20,V430e1oB,8,1,3
11543,2012-09-25,we39WAOk,2,0,0
1206,2007-05-30,ydEjeOW0,8,0,0
19398,2008-09-02,Pk3wrqEd,2,2,0
1636,2013-08-14,lnORw6EN,0,0,0
31394,2010-03-08,lnORw6EN,3,0,0
17801,2012-12-30,eVOBpp3j,0,0,0
8107,2007-10-24,ydEjV9EW,11,1,0
16635,2008-06-19,njoZaA3r,6,0,1
25489,2010-09-23,N6OkRvox,2,1,0
29698,2008-11-13,1m3MpyEB,3,0,0
10098,2012-12-30,0j3LgvEr,0,0,0
8841,2010-06-08,1m3MQn3B,10,0,1
22213,2009-09-08,rNo6xdE6,2,0,1
31027,2012-07-18,NbE1AyEJ,3,0,1
30006,2011-09-12,1JEbd4oR,8,0,0
13977,2009-10-01,rNo64LE6,4,0,0
9782,2011-11-16,m0oW23Gj,3,1,1
3440,2012-12-30,6K3lg6Ez,0,0,0
2412,2012-12-30,rNo6xdE6,0,0,0
4471,2013-01-23,njoZbvor,17,1,10
9429,2014-11-25,Pk3wrqEd,8,1,1
13213,2010-06-02,we39w9Ok,8,0,0
20564,2009-05-04,1m3MpyEB,1,0,0
22580,2012-05-22,NbE1AyEJ,7,1,4
24989,2012-12-30,njoZaA3r,0,0,0
28450,2012-12-30,1JEbl1oR,0,0,0
4329,2007-06-08,eVOBpp3j,0,0,0
21210,2010-11-29,N6OkGVOx,4,0,1
29617,2010-05-07,V430e1oB,6,1,1
20601,2014-12-30,1m3MVYoB,5,1,0
28911,2014-12-17,ydEjeOW0,7,0,1
18240,2011-09-01,0j3L0L3r,5,1,0
3987,2010-01-05,B1oXAQOV,8,0,0
11317,2014-09-25,1m3MpyEB,1,0,1
3223,2012-10-02,V43016oB,7,0,4
30360,2014-08-07,Y1Em9REw,3,1,1
9623,2013-12-30,xWoYMGoK,0,0,0
24704,2011-02-15,7RO5edOq,0,0,0
20341,2010-07-29,1m3ML6EB,3,0,0
23981,2012-07-26,8x3zq2Ek,5,0,4
1366,2008-10-08,8x3znL3k,1,0,0
13701,2010-01-11,we39WAOk,6,0,0
27875,2013-07-22,V430x43B,1,0,0
6608,2009-01-08,6K3lJKOz,6,0,5
1778,2008-06-30,6K3lJKOz,3,0,0
5059,2009-07-22,we395l3k,14,1,2
8176,2012-10-12,we39nrok,4,2,0
548,2008-11-07,ydEjV9EW,5,0,0
17640,2009-06-02,V430x43B,1,0,1
9410,2013-01-22,8gOqg532,0,0,1
12781,2011-03-30,6K3lQqoz,4,0,1
29969,2008-05-13,JGoNZYoL,14,0,4
9878,2009-06-02,V430J2OB,3,0,0
31603,2011-10-25,we39w9Ok,4,1,0
11244,2007-10-15,Y1Em9REw,3,0,0
18005,2011-10-27,1m3M2koB,13,1,2
21706,2012-11-20,ekE4PNE2,0,0,0
15686,2011-05-20,ekE4PNE2,0,0,0
4859,2012-06-13,6Wo2GbO9,1,1,0
16078,2014-01-08,8x3zq2Ek,8,2,1
8815,2007-08-07,1m3ML6EB,5,0,0
27101,2011-04-21,ydEjeOW0,5,0,1
29137,2011-11-15,Pk3wrqEd,0,0,0
23562,2008-09-25,7RO55dOq,6,1,1
29403,2013-11-08,nkOvpx3B,4,0,1
30393,2012-12-30,0ZEDKkOD,0,0,0
22660,2009-03-13,7RO55dOq,8,1,6
27929,2014-08-08,6K3lg6Ez,1,0,0
204,2008-10-01,m0oW23Gj,0,0,0
10898,2010-06-03,ekE4PNE2,0,0,0
21190,2014-10-09,0j3LgvEr,0,0,0
17470,2014-01-06,6K3lQqoz,6,0,0
19975,2010-06-08,we39w9Ok,8,0,0
24450,2008-05-01,m0oW23Gj,1,0,0
24874,2010-11-17,JGoNZYoL,3,0,0
22077,2011-05-05,lnORjnON,6,0,0
10567,2013-12-11,we39PREk,7,0,2
24288,2013-09-12,7RO5gn3q,13,1,1
24722,2007-08-03,1JEbl1oR,4,0,2
9073,2012-02-03,8x3znL3k,7,1,1
28502,2011-08-18,N6OkRvox,0,0,1
18084,2012-12-13,N6OkGVOx,5,3,0
14230,2011-06-22,N6OkRvox,4,0,0
1846,2009-01-12,we395l3k,2,1,2
31115,2011-09-21,we39nrok,4,2,1
13331,2010-09-02,8gOqg532,1,0,3
14621,2013-09-24,6VOpaBEL,7,1,0
2015,2011-02-15,eVOBpp3j,3,0,0
12239,2013-12-30,ydEjV9EW,0,0,0
22947,2012-12-30,Y1EmbA3w,0,0,0
10859,2010-11-03,JGoNZYoL,3,0,0
18557,2014-05-15,Pk3wrqEd,11,0,3
22638,2009-10-14,ydEjV9EW,2,0,0
8178,2011-07-27,we39YZ3k,2,0,3
16648,2013-11-21,8KoAaqo6,0,0,0
23629,2009-10-27,nkOvpx3B,2,0,0
17759,2008-10-29,B1oXymOV,6,1,0
4815,2009-01-08,p038gXEm,11,0,3
12868,2010-06-08,ydEjeOW0,0,0,0
20381,2008-12-12,0j3L8Z3r,5,0,1
19870,2012-04-20,V430e1oB,1,1,1
25307,2013-02-14,8x3zq2Ek,4,0,3
31313,2015-03-17,8x3znL3k,1,0,0
18214,2007-08-06,B1oXAQOV,0,0,0
4607,2009-07-27,we39nrok,6,1,6
7463,2009-04-21,p0381vom,0,0,0
4303,2012-01-13,ydEjeOW0,2,0,0
29318,2013-12-30,Pk3wPxod,0,0,0
20082,2014-07-17,6K3lQqoz,1,0,0
6260,2010-05-25,V43016oB,3,0,0
4746,2012-12-30,7RO5gn3q,0,0,0
31768,2010-05-20,B1oXymOV,1,0,0
5387,2011-11-01,7RO5A6Oq,2,1,6
30636,2009-06-02,N6OkRvox,2,0,0
5190,2012-05-14,lnORPD3N,0,0,0
18476,2009-04-17,xWoYdG3K,20,3,7
12299,2013-02-20,eVOBpp3j,4,2,1
18089,2012-12-30,0ZEDXGED,0,0,0
10290,2010-03-05,eVOBpp3j,0,0,0
3275,2013-01-17,rNo64LE6,4,0,3
6176,2013-10-18,njoZbvor,6,0,0
4027,2008-03-31,we39nrok,7,0,4
23992,2013-07-26,B1oXymOV,5,1,0
5490,2008-04-07,Pk3wQqOd,4,0,1
2000,2014-10-03,1m3MpyEB,1,0,1
24826,2012-10-12,V430e1oB,1,0,0
29248,2014-05-29,ekE4PNE2,12,1,2
23804,2013-03-25,6K3lg6Ez,12,0,3
19539,2010-10-21,V430e1oB,12,1,3
29525,2009-12-01,B1oX16OV,2,0,0
25362,2012-03-29,6K3lJKOz,2,0,1
16028,2009-05-14,V43016oB,6,0,1
22859,2009-09-24,1JEbd4oR,1,0,1
7740,2009-05-08,ydEjeOW0,15,2,5
3935,2015-01-21,N6Ok8QEx,4,0,0
24777,2012-07-31,8gOqg532,2,0,2
3256,2014-10-16,xWoYdG3K,5,0,0
3598,2014-04-25,1m3M2koB,1,0,1
27262,2007-12-07,nkOvpx3B,3,0,0
12974,2009-03-19,N6OkGVOx,0,0,0
4962,2014-10-09,xWoYdG3K,5,0,0
13098,2013-09-27,8x3zWbok,0,0,0
13569,2015-03-19,1m3MVYoB,4,1,1
656,2008-02-15,0j3L8Z3r,3,0,1
20656,2008-02-27,7RO55dOq,12,1,4
5684,2009-09-11,ZBEnQaOY,2,0,0
14132,2011-07-27,8x3zq2Ek,1,1,0
25069,2013-09-17,Pk3wPxod,8,0,3
20010,2009-12-10,lnORw6EN,0,0,0
13524,2012-07-06,ydEjV9EW,0,0,0
31965,2013-07-08,njoZbvor,2,0,0
19953,2014-05-05,7RO5A6Oq,5,0,1
339,2007-07-02,lnORPD3N,7,0,0
14940,2012-07-27,NbE1AyEJ,3,0,1
5425,2009-07-06,V430e1oB,4,1,1
19926,2008-06-19,N6Ok8QEx,5,1,1
12056,2010-08-27,dj3d8r39,3,0,1
7966,2007-06-21,7RO5edOq,2,0,2
3137,2011-10-18,nkOvpx3B,7,1,1
10279,2013-01-10,0ZEDKkOD,1,0,1
25537,2011-06-24,8gOqg532,1,0,0
23918,2013-06-11,lnORw6EN,9,0,1
28556,2011-06-15,N6OkRvox,4,0,0
20469,2010-06-24,ekE4PNE2,0,0,0
10999,2012-05-04,KAoK96Eg,9,1,0
15230,2009-12-02,6VOpaBEL,2,0,1
1784,2012-09-13,1m3MVYoB,7,0,0
14312,2010-03-18,lnORjnON,6,0,0
7361,2013-02-04,geEVbBEz,12,1,5
12435,2008-03-18,8gOqg532,5,0,1
14221,2014-12-16,JGoNZYoL,4,0,2
7416,2011-02-10,N6OkRvox,3,0,0
352,2009-02-05,Pk3wrqEd,0,0,0
30561,2009-09-09,we39YZ3k,4,0,2
12591,2007-01-23,we39LrEk,0,0,0
5722,2012-12-30,Y1EmaVEw,0,0,0
20348,2013-02-12,geEVbBEz,12,1,5
3317,2011-01-14,1m3MVYoB,1,0,2
19979,2007-10-23,we39WAOk,5,0,2
30078,2011-03-01,eVOBpp3j,3,0,0
29581,2011-12-27,B1oX16OV,3,0,1
26701,2013-10-08,njoZbvor,6,0,0
15396,2013-03-01,JGoNZYoL,15,2,3
15807,2009-07-08,9JoPAZO8,6,2,0
3281,2011-10-27,8x3zWbok,0,0,0
18220,2009-11-27,8x3zWbok,0,0,0
19404,2009-01-27,nkOvpx3B,4,0,0
1692,2011-08-19,JGoNZYoL,3,0,0
12973,2010-11-04,lnORjnON,6,0,0
21313,2012-12-30,1m3MVYoB,0,0,0
25306,2011-05-09,6K3lg6Ez,2,0,0
27254,2007-03-31,lnORPD3N,0,0,0
27985,2012-10-03,N6OkRvox,3,0,2
23132,2007-12-14,NbE1AyEJ,1,0,0
16862,2013-01-11,V430e1oB,3,0,0
31259,2011-06-20,B1oXymOV,2,1,1
4019,2007-05-23,NbE1AyEJ,0,0,0
21366,2014-09-23,8x3znL3k,0,0,0
24345,2008-12-30,7RO5edOq,0,0,0
28565,2008-03-10,7RO5A6Oq,9,2,2
7945,2012-12-30,KAoKyPEg,0,0,0
17049,2011-09-26,we39nrok,1,2,1
3933,2008-10-27,7RO55dOq,5,0,1
21847,2008-12-17,9JoP7j38,10,1,5
8635,2013-12-30,0j3L0L3r,0,0,0
2366,2008-10-31,NbE1AyEJ,3,1,1
28927,2011-09-08,0j3L8Z3r,6,1,1
10449,2010-10-27,m0oW23Gj,3,0,0
27719,2014-10-27,Y1EmaVEw,7,0,1
30024,2010-02-17,NbE1AyEJ,0,0,0
14876,2013-03-20,7RO5A6Oq,5,2,2
25153,2008-05-23,9JoP7j38,9,1,2
3840,2008-08-25,Pk3wrqEd,2,2,0
17798,2011-09-01,0j3L8Z3r,6,1,1
6835,2012-11-02,1JEbd4oR,0,0,0
24367,2011-09-28,V430yAoB,5,1,0
16995,2013-08-05,N6OkRvox,2,1,0
23688,2015-01-13,we39nrok,9,1,1
19768,2012-12-30,we39WAOk,0,0,0
12624,2008-10-14,N6OkRvox,0,0,0
6847,2015-01-07,nkOvpx3B,1,0,0
24736,2012-06-26,Y1Em9REw,3,1,1
16762,2009-11-25,lnORw6EN,3,0,0
12760,2008-10-07,1m3M2koB,6,0,0
17606,2015-02-06,1m3M2koB,5,0,0
24986,2008-06-24,7RO5edOq,2,0,0
